{"cameraMode":{"drawMode":0,"name":"Shaded","section":"Shading Mode"},"sceneLighting":true,"audioPlay":false,"sceneViewState":{"showFog":true,"showMaterialUpdate":false,"showSkybox":true,"showFlares":true,"showImageEffects":true,"showParticleSystems":true},"in2DMode":false,"pivot":{"x":-2.548758029937744,"y":-1.956899642944336,"z":0.2572345733642578},"rotation":{"x":0.23473764955997468,"y":-0.2278403788805008,"z":0.05669889599084854,"w":0.9432819485664368},"size":12.2230224609375,"orthographic":false}